<?xml version="1.0" encoding="utf-8" standalone="yes"?>
<rss version="2.0" xmlns:atom="http://www.w3.org/2005/Atom">
  <channel>
    <title>Korifi for K8s Users on Korifi by Cloud Foundry</title>
    <link>/korifi/k8s/</link>
    <description>Recent content in Korifi for K8s Users on Korifi by Cloud Foundry</description>
    <generator>Hugo -- gohugo.io</generator>
    <language>en-us</language>
    <copyright>Copyright (c) 2022 - 2023 [Cloud Foundry Foundation](https://cloudfoundry.org)</copyright>
    <lastBuildDate>Fri, 28 Dec 2018 11:02:05 +0600</lastBuildDate><atom:link href="/korifi/k8s/index.xml" rel="self" type="application/rss+xml" />
  </channel>
</rss>
