<?xml version="1.0" encoding="utf-8" standalone="yes"?>
<rss version="2.0" xmlns:atom="http://www.w3.org/2005/Atom">
  <channel>
    <title>Services on Cloud Foundry for Developers</title>
    <link>/cf4devs/services/</link>
    <description>Recent content in Services on Cloud Foundry for Developers</description>
    <generator>Hugo -- gohugo.io</generator>
    <language>en-us</language>
    <copyright>Copyright (c) 2017 - 2023 [Cloud Foundry Foundation](https://cloudfoundry.org)</copyright><atom:link href="/cf4devs/services/index.xml" rel="self" type="application/rss+xml" />
    <item>
      <title>Managed Services</title>
      <link>/cf4devs/services/managed-services/</link>
      <pubDate>Mon, 01 Jan 0001 00:00:00 +0000</pubDate>
      
      <guid>/cf4devs/services/managed-services/</guid>
      <description>As an application developer, you likely need to connect your application to external services like a database or message queue. Managed services in Cloud Foundry give you, the developer, the ability to discover and provision such services on demand.
The Marketplace The marketplace is where you can view all of the services available for provisioning. These services can range from databases to volume services, such as NFS. You can view all of the services available to you with the CLI:</description>
    </item>
    
    <item>
      <title>Service Keys</title>
      <link>/cf4devs/services/service-keys/</link>
      <pubDate>Mon, 01 Jan 0001 00:00:00 +0000</pubDate>
      
      <guid>/cf4devs/services/service-keys/</guid>
      <description>In the last section, we showed you how to provision services from the marketplace, using Postgres as an example. We also showed you how to connect an application running on Cloud Foundry to your service instance. But what if you needed to connect to the database using a database client? Or perhaps you need to connect a 3rd party monitoring tool to the Postgres database (or whatever service you provisioned). This is the role of service keys.</description>
    </item>
    
    <item>
      <title>Sharing Service Instances</title>
      <link>/cf4devs/services/sharing-service-instances/</link>
      <pubDate>Mon, 01 Jan 0001 00:00:00 +0000</pubDate>
      
      <guid>/cf4devs/services/sharing-service-instances/</guid>
      <description>The ability to share service instances between spaces allows apps in different spaces to share databases, messaging queues, and other services. This eliminates the need for development teams to use a messy combination of service keys and user-provided services to bind their apps to a service instance provisioned in another space with the cf create-service command.
Sharing service instances improves security and auditing and provides a more intuitive user experience.</description>
    </item>
    
    <item>
      <title>User-Provided Services</title>
      <link>/cf4devs/services/upsi/</link>
      <pubDate>Mon, 01 Jan 0001 00:00:00 +0000</pubDate>
      
      <guid>/cf4devs/services/upsi/</guid>
      <description>In the last few sections, we showed you how to create and use service instances provisioned from the marketplace. But what if your application needs to connect to a service not available in the marketplace? What if it needs to connect to an existing database or message queue? User-provided services instances (UPSI) enable this.
A user-provided service instance is a service instance whose credentials (config) are provided by a user, not a broker.</description>
    </item>
    
  </channel>
</rss>
