<?xml version="1.0" encoding="utf-8" standalone="yes"?>
<rss version="2.0" xmlns:atom="http://www.w3.org/2005/Atom">
  <channel>
    <title>Application Basics on Cloud Foundry for Developers</title>
    <link>/cf4devs/application-basics/</link>
    <description>Recent content in Application Basics on Cloud Foundry for Developers</description>
    <generator>Hugo -- gohugo.io</generator>
    <language>en-us</language>
    <copyright>Copyright (c) 2017 - 2023 [Cloud Foundry Foundation](https://cloudfoundry.org)</copyright><atom:link href="/cf4devs/application-basics/index.xml" rel="self" type="application/rss+xml" />
    <item>
      <title>Source Paths</title>
      <link>/cf4devs/application-basics/source-paths/</link>
      <pubDate>Mon, 01 Jan 0001 00:00:00 +0000</pubDate>
      
      <guid>/cf4devs/application-basics/source-paths/</guid>
      <description>Source paths let you specify a path to the application when running cf push. It is important to understand what you are pushing to Cloud Foundry.
Using the current directory When you cf push without specifying a path, the contents of the current directory you ran the push command from are pushed up. This is what we did in the first-push exercise. However, you should be careful with this as it can result in unexpected behavior when you are not in the directory you expect.</description>
    </item>
    
    <item>
      <title>Manifests</title>
      <link>/cf4devs/application-basics/manifests/</link>
      <pubDate>Mon, 01 Jan 0001 00:00:00 +0000</pubDate>
      
      <guid>/cf4devs/application-basics/manifests/</guid>
      <description>Manifests have been mentioned a handful of times already in this course. In the &amp;lsquo;Source Paths&amp;rsquo; section, the static-app was deployed and configured entirely via command-line arguments. And while this worked fine for our first deployment, if we wanted to deploy it again in another space or share the configuration with a colleague, we&amp;rsquo;d need to recall the CLI arguments we used. Sharing CLI commands isn&amp;rsquo;t a very reliable way to deploy our app, especially if something changes in our configuration.</description>
    </item>
    
    <item>
      <title>Buildpack Basics</title>
      <link>/cf4devs/application-basics/buildpacks/</link>
      <pubDate>Mon, 01 Jan 0001 00:00:00 +0000</pubDate>
      
      <guid>/cf4devs/application-basics/buildpacks/</guid>
      <description>Before we continue, let&amp;rsquo;s briefly discuss this &amp;ldquo;buildpack&amp;rdquo; thing we have referenced a few times. Buildpacks are responsible for containerizing your application. Essentially, they provide the runtime environment your application needs. The python buildpack knows how to construct runtimes for python apps, the Java buildpack for Java, and go buildpack for go-lang, etc. The static file buildpack we have used so far uses nginx to serve static content.
Buildpacks construct runtimes during the &amp;ldquo;staging&amp;rdquo; phase of an application (more on this later).</description>
    </item>
    
    <item>
      <title>Environment Variables</title>
      <link>/cf4devs/application-basics/environment-variables/</link>
      <pubDate>Mon, 01 Jan 0001 00:00:00 +0000</pubDate>
      
      <guid>/cf4devs/application-basics/environment-variables/</guid>
      <description>Environment variables inject configuration values into applications. As the 12-factor app principles state, we should &amp;ldquo;store config in the environment&amp;rdquo;. In this section we&amp;rsquo;ll test out passing environment variables to a training-app.
Preparation The golang application used in this section will display some basic information about the app itself, including its environment variables.
Firstly, let&amp;rsquo;s deploy the training-app using the supplied manifest. The application and manifest are in the training-app directory in the course resources:</description>
    </item>
    
    <item>
      <title>Metadata</title>
      <link>/cf4devs/application-basics/metadata/</link>
      <pubDate>Mon, 01 Jan 0001 00:00:00 +0000</pubDate>
      
      <guid>/cf4devs/application-basics/metadata/</guid>
      <description>Cloud Foundry provides the ability to add metadata to resources such as spaces and apps. This metadata provides additional information about the resources in your Cloud Foundry deployment. This can be a useful tool when operating, monitoring, and auditing Cloud Foundry.
There are two types of metadata: labels and annotations.
Labels Labels are key-value pairs that allow you to identify and select Cloud Foundry resources. Labels are searchable. For example, if you have labeled all apps running in development, or all spaces containing internet-facing apps, you can then find those apps by searching for their labels.</description>
    </item>
    
    <item>
      <title>Scaling</title>
      <link>/cf4devs/application-basics/scaling/</link>
      <pubDate>Mon, 01 Jan 0001 00:00:00 +0000</pubDate>
      
      <guid>/cf4devs/application-basics/scaling/</guid>
      <description>Horizontal Scaling When you scale an application horizontally, you manipulate the number of instances of that application up or down, usually in response to an increased or reduced user load.
In Cloud Foundry, horizontal scaling doesn&amp;rsquo;t result in downtime as traffic is only routed to available instances. When new instances are created, traffic isn&amp;rsquo;t routed to those instances until they pass a healthcheck (we&amp;rsquo;ll cover healthchecks later in this course).</description>
    </item>
    
    <item>
      <title>Logs</title>
      <link>/cf4devs/application-basics/logs/</link>
      <pubDate>Mon, 01 Jan 0001 00:00:00 +0000</pubDate>
      
      <guid>/cf4devs/application-basics/logs/</guid>
      <description>As a developer, you will frequently access application logs to debug your apps. Cloud Foundry uses a component called &amp;lsquo;Loggregator&amp;rsquo; for streaming log output from applications and Cloud Foundry system components (in this course, we&amp;rsquo;ll focus on application logs). Logs are incredibly helpful when troubleshooting. Common issues you might see are apps running out of memory, route collisions, or pushing the wrong application payload.
Following Logs in Real-Time The CLI can stream new logs to your terminal:</description>
    </item>
    
    <item>
      <title>Resiliency</title>
      <link>/cf4devs/application-basics/resiliency/</link>
      <pubDate>Mon, 01 Jan 0001 00:00:00 +0000</pubDate>
      
      <guid>/cf4devs/application-basics/resiliency/</guid>
      <description>By performing cf scale, you asked Cloud Foundry to ensure you have two instances of the app running. Behind the scenes, Cloud Foundry is ensuring this is so. Let&amp;rsquo;s test it.
To see this happen, we can watch the logs. In a terminal window, tail the logs:
cf logs training-app Killing an App Instance The application has a /kill endpoint that will crash the instance programmatically.
WARNING: Don&amp;rsquo;t build apps with a /kill endpoint!</description>
    </item>
    
    <item>
      <title>Quotas</title>
      <link>/cf4devs/application-basics/quotas/</link>
      <pubDate>Mon, 01 Jan 0001 00:00:00 +0000</pubDate>
      
      <guid>/cf4devs/application-basics/quotas/</guid>
      <description>Quotas are named sets of memory, service, and instance usage limits. They can be applied at the org level or the space level. Org quotas are mandatory, while space quotas are optional. Org-level quotas are shared across all spaces in that org.
Typically, Cloud Foundry operators will establish quotas for orgs, and OrgManagers will establish quotas for spaces. So while it&amp;rsquo;s not crucial that developers know how to manage quotas, it is important you understand how to view the quotas for your orgs and spaces.</description>
    </item>
    
    <item>
      <title>Application Security Groups</title>
      <link>/cf4devs/application-basics/security-groups/</link>
      <pubDate>Mon, 01 Jan 0001 00:00:00 +0000</pubDate>
      
      <guid>/cf4devs/application-basics/security-groups/</guid>
      <description>Application Security Groups (ASGs) are a collection of egress rules that list protocols, ports, and IP address ranges where an app or task is allowed to connect to (where your app can reach out to). ASGs define &amp;lsquo;allow&amp;rsquo; rules. When ASGs are applied to the same space or deployment, their order of evaluation is unimportant; ASG&amp;rsquo;s are additive.
ASGs can only be created or updated by admins. However, as ASGs dictate the outbound connectivity allowed, it is important to understand them as a developer.</description>
    </item>
    
  </channel>
</rss>
