<?xml version="1.0" encoding="utf-8" standalone="yes"?>
<rss version="2.0" xmlns:atom="http://www.w3.org/2005/Atom">
  <channel>
    <title>Advanced Concepts on Cloud Foundry for Developers</title>
    <link>/cf4devs/advanced-concepts/</link>
    <description>Recent content in Advanced Concepts on Cloud Foundry for Developers</description>
    <generator>Hugo -- gohugo.io</generator>
    <language>en-us</language>
    <copyright>Copyright (c) 2017 - 2023 [Cloud Foundry Foundation](https://cloudfoundry.org)</copyright><atom:link href="/cf4devs/advanced-concepts/index.xml" rel="self" type="application/rss+xml" />
    <item>
      <title>Advanced CLI</title>
      <link>/cf4devs/advanced-concepts/advanced-cli/</link>
      <pubDate>Mon, 01 Jan 0001 00:00:00 +0000</pubDate>
      
      <guid>/cf4devs/advanced-concepts/advanced-cli/</guid>
      <description>In this section, we look at some of the more advanced functionality of the cf CLI.
The Cloud Controller API Behind the scenes, the CLI makes REST calls to the Cloud Controller, a Cloud Foundry component. The Cloud Controller API is documented here. At times you will need to invoke this API directly. For example:
Automating application lifecycle in a CI/CD system Invoking an endpoint in the API that does not have a corresponding CLI command Generating reports or automated queries cf curl enables you to invoke the API easily without having to manage authentication headers or use the full API url.</description>
    </item>
    
    <item>
      <title>Health Checks</title>
      <link>/cf4devs/advanced-concepts/health-checks/</link>
      <pubDate>Mon, 01 Jan 0001 00:00:00 +0000</pubDate>
      
      <guid>/cf4devs/advanced-concepts/health-checks/</guid>
      <description>How does Cloud Foundry know an app is working? Health checks. An app health check is a monitoring process that continually checks the state of a running Cloud Foundry app. Cloud Foundry supports three types of health checks:
http whereby a GET is performed against a web app on its default port - can be used with any app than can provide a HTTP 200 response. port whereby a TCP connection is made to one or more ports - can be used where an app can receive TCP connections, including HTTP web apps.</description>
    </item>
    
    <item>
      <title>Tasks</title>
      <link>/cf4devs/advanced-concepts/tasks/</link>
      <pubDate>Mon, 01 Jan 0001 00:00:00 +0000</pubDate>
      
      <guid>/cf4devs/advanced-concepts/tasks/</guid>
      <description>A task is an app or script whose code is included as part of a deployed app, but runs independently in a separate container.
Unlike an app (a long-running process), tasks run for a finite amount of time, and then stop. They run in their own isolated containers that share the application&amp;rsquo;s deployment config. After a task finishes, Cloud Foundry destroys the container that ran it.
Tasks are used for a multitude of purposes, including database maintenance and migration tasks, indexing, backups, and report generation.</description>
    </item>
    
    <item>
      <title>Sidecars</title>
      <link>/cf4devs/advanced-concepts/sidecars/</link>
      <pubDate>Mon, 01 Jan 0001 00:00:00 +0000</pubDate>
      
      <guid>/cf4devs/advanced-concepts/sidecars/</guid>
      <description>You can run extra processes in the same container as your app. These processes are called sidecars.
When you provide a sidecar for your app, Cloud Foundry packages the code and config it needs to run the sidecar process and the app process in the same droplet, and deploys this droplet in a single container.
Note: Each process within the container has its own health check. Sidecar processes can only use PID-based health checks.</description>
    </item>
    
    <item>
      <title>Sub-step Deployments</title>
      <link>/cf4devs/advanced-concepts/sub-step-deployments/</link>
      <pubDate>Mon, 01 Jan 0001 00:00:00 +0000</pubDate>
      
      <guid>/cf4devs/advanced-concepts/sub-step-deployments/</guid>
      <description>The cf CLI provides commands that can give you granular control over the app push process. Using these commands, you can choose to execute individual steps (sub-steps) of a cf push in isolation.
Why Should I Sub-Step it? Common use cases for a sub-step deployment include:
Updating a third party system before staging an app Retrying failed stagings without downtime Calling external services to report audit data during a push Scanning a droplet before deploying Integrating with a change request system To support these workflows, Cloud Foundry divides apps into smaller building blocks.</description>
    </item>
    
    <item>
      <title>Multiple Processes</title>
      <link>/cf4devs/advanced-concepts/multiple-processes/</link>
      <pubDate>Mon, 01 Jan 0001 00:00:00 +0000</pubDate>
      
      <guid>/cf4devs/advanced-concepts/multiple-processes/</guid>
      <description>A single app in Cloud Foundry can consist of multiple processes running in separate containers. This is different from the sidecar processes we looked at earlier, which share a single container.
One of the most common use cases for multiple processes is a web app that has both a UI process and a worker process.
Push an App with Multiple Processes An app with multiple processes can be pushed by either passing a Procfile to cf push, or by declaring the multiple processes in the app manifest.</description>
    </item>
    
    <item>
      <title>Multiple Buildpacks</title>
      <link>/cf4devs/advanced-concepts/multiple-buildpacks/</link>
      <pubDate>Mon, 01 Jan 0001 00:00:00 +0000</pubDate>
      
      <guid>/cf4devs/advanced-concepts/multiple-buildpacks/</guid>
      <description>In some cases you might want to push an app with more than one buildpack. Perhaps your company needs to include a specific security, compliance, or logging agent with every application. Or perhaps your application is written in more than one language. The multiple buildpack funcationality can be used to achieve this.
In Cloud Foundry you can specify these buildpacks through your app manifest or flags passed to the cf CLI.</description>
    </item>
    
    <item>
      <title>App Revisions</title>
      <link>/cf4devs/advanced-concepts/app-revisions/</link>
      <pubDate>Mon, 01 Jan 0001 00:00:00 +0000</pubDate>
      
      <guid>/cf4devs/advanced-concepts/app-revisions/</guid>
      <description>App revisions represent code and configuration used by an app at a specific point in time. The latest app revision represents the code and config that are currently running in your app.
Note that this feature is currently in Beta.
Why would I use App Revisions? You might use revisions if:
You want to view revisions for an app: This can help you understand how your app has changed over time.</description>
    </item>
    
  </channel>
</rss>
