<?xml version="1.0" encoding="utf-8" standalone="yes"?>
<rss version="2.0" xmlns:atom="http://www.w3.org/2005/Atom">
  <channel>
    <title>Categories on Korifi by Cloud Foundry</title>
    <link>/korifi/categories/</link>
    <description>Recent content in Categories on Korifi by Cloud Foundry</description>
    <generator>Hugo -- gohugo.io</generator>
    <language>en-us</language>
    <copyright>Copyright (c) 2022 - 2023 [Cloud Foundry Foundation](https://cloudfoundry.org)</copyright><atom:link href="/korifi/categories/index.xml" rel="self" type="application/rss+xml" />
  </channel>
</rss>
