<?xml version="1.0" encoding="utf-8" standalone="yes"?>
<rss version="2.0" xmlns:atom="http://www.w3.org/2005/Atom">
  <channel>
    <title>Domains and Routing on Cloud Foundry for Developers</title>
    <link>/cf4devs/domains-and-routing/</link>
    <description>Recent content in Domains and Routing on Cloud Foundry for Developers</description>
    <generator>Hugo -- gohugo.io</generator>
    <language>en-us</language>
    <copyright>Copyright (c) 2017 - 2023 [Cloud Foundry Foundation](https://cloudfoundry.org)</copyright><atom:link href="/cf4devs/domains-and-routing/index.xml" rel="self" type="application/rss+xml" />
    <item>
      <title>Route Basics</title>
      <link>/cf4devs/domains-and-routing/route-basics/</link>
      <pubDate>Mon, 01 Jan 0001 00:00:00 +0000</pubDate>
      
      <guid>/cf4devs/domains-and-routing/route-basics/</guid>
      <description>Cloud Foundry&amp;rsquo;s routing model provides developers with flexible capabilities to securely and efficiently route traffic to applications. In this section, we&amp;rsquo;ll take a look at manipulating routes, internal and external domains, and some of the capabilities that this model brings to developers. In Cloud Foundry, apps and routes have a many-to-many relationship.
Anatomy of a Route A route consists of a hostname concatenated with a domain. Routes must be unique within a Cloud Foundry instance.</description>
    </item>
    
    <item>
      <title>Application Domains</title>
      <link>/cf4devs/domains-and-routing/application-domains/</link>
      <pubDate>Mon, 01 Jan 0001 00:00:00 +0000</pubDate>
      
      <guid>/cf4devs/domains-and-routing/application-domains/</guid>
      <description>So far in this course, we have been using the default app domain for our routing, but usually, there are other domains available for us to use as well. You can see the list of available domains in a given space by running:
cf domains For each of the domains listed in your Cloud Foundry deployment, you should see some additional information: the domain name, availability, whether it&amp;rsquo;s internal, and the protocol.</description>
    </item>
    
    <item>
      <title>Internal Domains</title>
      <link>/cf4devs/domains-and-routing/internal-domains/</link>
      <pubDate>Mon, 01 Jan 0001 00:00:00 +0000</pubDate>
      
      <guid>/cf4devs/domains-and-routing/internal-domains/</guid>
      <description>For security reasons, it is desirable that some applications be inaccessible from outside of Cloud Foundry. This could include back-end RESTful data services, for example. Routes based on internal domains are only resolvable by other apps in the same Cloud Foundry deployment.
Each Cloud Foundry deployment has a default internal domain of apps.internal. You can create routes under this domain and map them to your applications. This internal domain is visible in the output of cf domains.</description>
    </item>
    
    <item>
      <title>Route Services</title>
      <link>/cf4devs/domains-and-routing/route-services/</link>
      <pubDate>Mon, 01 Jan 0001 00:00:00 +0000</pubDate>
      
      <guid>/cf4devs/domains-and-routing/route-services/</guid>
      <description>In some instances, Cloud Foundry developers might want to transform or process requests before they reach an app. Common use cases include authentication, rate limiting, and caching services. Route services, which bind an app’s route to a service instance, are a type of service that developers can use to apply such transformations to app requests.
Through integrations with service brokers and, optionally, with the CF routing tier, providers can offer these services to developers with a familiar, automated, self-service, and on-demand user experience.</description>
    </item>
    
  </channel>
</rss>
