<?xml version="1.0" encoding="utf-8" standalone="yes"?>
<rss version="2.0" xmlns:atom="http://www.w3.org/2005/Atom">
  <channel>
    <title>Getting Started on Cloud Foundry for Developers</title>
    <link>/cf4devs/getting-started/</link>
    <description>Recent content in Getting Started on Cloud Foundry for Developers</description>
    <generator>Hugo -- gohugo.io</generator>
    <language>en-us</language>
    <copyright>Copyright (c) 2017 - 2023 [Cloud Foundry Foundation](https://cloudfoundry.org)</copyright><atom:link href="/cf4devs/getting-started/index.xml" rel="self" type="application/rss+xml" />
    <item>
      <title>Command Line Interface (CLI)</title>
      <link>/cf4devs/getting-started/cli/</link>
      <pubDate>Mon, 01 Jan 0001 00:00:00 +0000</pubDate>
      
      <guid>/cf4devs/getting-started/cli/</guid>
      <description>The Command Line Interface (or CLI) is used to interact with Cloud Foundry (CF) instances via a REST API. The cf CLI exposes human-friendly commands to users of the platform and is common core, meaning it works with all Cloud Foundry distributions.
The CF API The cf CLI is communicating with the Cloud Foundry API, enabling developers to make requests to the API in a user-friendly way.
You can also make requests to the API directly via cf curl, but this tends to be more complex.</description>
    </item>
    
    <item>
      <title>Using a CF</title>
      <link>/cf4devs/getting-started/using-a-cf/</link>
      <pubDate>Mon, 01 Jan 0001 00:00:00 +0000</pubDate>
      
      <guid>/cf4devs/getting-started/using-a-cf/</guid>
      <description>The cf CLI is used to interact with any Cloud Foundry instance. It makes RESTful calls to the CF API endpoint of the particular instance you are using.
Setting the Endpoint Before you interact with a Cloud Foundry instance using the cf CLI, you need set the API endpoint. When you set an API endpoint, you are selecting an instance of Cloud Foundry to use. You may hear some vendors refer to deployments as &amp;ldquo;foundations&amp;rdquo; or &amp;ldquo;instances&amp;rdquo;, which mean the same thing.</description>
    </item>
    
    <item>
      <title>Deploy your first app</title>
      <link>/cf4devs/getting-started/first-push/</link>
      <pubDate>Mon, 01 Jan 0001 00:00:00 +0000</pubDate>
      
      <guid>/cf4devs/getting-started/first-push/</guid>
      <description>Cloud Foundry is a purpose-built platform created to simplify the developer experience when deploying and managing applications. Hence the Cloud Foundry haiku:
Here is my source code, Run it on the cloud for me. I do not care how. With that in mind, let&amp;rsquo;s take a quick look at deploying applications on Cloud Foundry. This is just an introduction; there are far more customizations and capabilities explored throughout the course.</description>
    </item>
    
  </channel>
</rss>
