<?xml version="1.0" encoding="utf-8" standalone="yes"?>
<rss version="2.0" xmlns:atom="http://www.w3.org/2005/Atom">
  <channel>
    <title>Core Concepts on Cloud Foundry for Developers</title>
    <link>/cf4devs/core-concepts/</link>
    <description>Recent content in Core Concepts on Cloud Foundry for Developers</description>
    <generator>Hugo -- gohugo.io</generator>
    <language>en-us</language>
    <copyright>Copyright (c) 2017 - 2023 [Cloud Foundry Foundation](https://cloudfoundry.org)</copyright><atom:link href="/cf4devs/core-concepts/index.xml" rel="self" type="application/rss+xml" />
    <item>
      <title>Orgs &amp; Spaces</title>
      <link>/cf4devs/core-concepts/orgs-and-spaces/</link>
      <pubDate>Mon, 01 Jan 0001 00:00:00 +0000</pubDate>
      
      <guid>/cf4devs/core-concepts/orgs-and-spaces/</guid>
      <description>Organizations (orgs) and spaces are logical separations within a Cloud Foundry instance. Spaces live within orgs, and a single org can contain one or more spaces.
Orgs are often used to separate tenants or projects. For example, you may want to divide your Cloud Foundry instance into separate orgs for different areas of your business. Within an org you might have separate spaces for different lifecycle stages, like development, staging, and production.</description>
    </item>
    
    <item>
      <title>Role-based Access Control</title>
      <link>/cf4devs/core-concepts/rbac/</link>
      <pubDate>Mon, 01 Jan 0001 00:00:00 +0000</pubDate>
      
      <guid>/cf4devs/core-concepts/rbac/</guid>
      <description>Cloud Foundry leverages Role-Based Access Control (RBAC) to restrict user actions that affect resources within the platform. Users can be assigned to roles globally (Cloud Foundry wide) or can be assigned to roles in specific orgs and spaces. Roles control what you can do and where you can do it.
Global Roles Users can be assigned global roles and capabilities that span an entire Cloud Foundry deployment. As a developer using Cloud Foundry, it is unlikely you will be assigned one of these roles.</description>
    </item>
    
    <item>
      <title>Resource Names</title>
      <link>/cf4devs/core-concepts/resource-names/</link>
      <pubDate>Mon, 01 Jan 0001 00:00:00 +0000</pubDate>
      
      <guid>/cf4devs/core-concepts/resource-names/</guid>
      <description>You may have already noticed that the objects you create in Cloud Foundry have resource names assigned. For example, we ran cf push in a previous section, and we named the application first-push (defined in the app&amp;rsquo;s manifest).
Resource names are important. You&amp;rsquo;ll often refer to them when performing actions with the CLI, and in some cases, names are set according to a default. Think about the first-push example again. The app manifest includes random_route: true.</description>
    </item>
    
  </channel>
</rss>
