<?xml version="1.0" encoding="utf-8" standalone="yes"?>
<rss version="2.0" xmlns:atom="http://www.w3.org/2005/Atom">
  <channel>
    <title>Categories on Cloud Foundry for Developers</title>
    <link>/cf4devs/categories/</link>
    <description>Recent content in Categories on Cloud Foundry for Developers</description>
    <generator>Hugo -- gohugo.io</generator>
    <language>en-us</language>
    <copyright>Copyright (c) 2017 - 2023 [Cloud Foundry Foundation](https://cloudfoundry.org)</copyright><atom:link href="/cf4devs/categories/index.xml" rel="self" type="application/rss+xml" />
  </channel>
</rss>
