<?xml version="1.0" encoding="utf-8" standalone="yes"?>
<rss version="2.0" xmlns:atom="http://www.w3.org/2005/Atom">
  <channel>
    <title>Application Lifecycle on Cloud Foundry for Developers</title>
    <link>/cf4devs/application-lifecycle/</link>
    <description>Recent content in Application Lifecycle on Cloud Foundry for Developers</description>
    <generator>Hugo -- gohugo.io</generator>
    <language>en-us</language>
    <copyright>Copyright (c) 2017 - 2023 [Cloud Foundry Foundation](https://cloudfoundry.org)</copyright><atom:link href="/cf4devs/application-lifecycle/index.xml" rel="self" type="application/rss+xml" />
    <item>
      <title>Containerized Applications</title>
      <link>/cf4devs/application-lifecycle/containerized-applications/</link>
      <pubDate>Mon, 01 Jan 0001 00:00:00 +0000</pubDate>
      
      <guid>/cf4devs/application-lifecycle/containerized-applications/</guid>
      <description>Before we jump into the different aspects of pushing and managing applications, let&amp;rsquo;s review what goes into an application running in Cloud Foundry.
What Goes into an App? Let&amp;rsquo;s discuss what we need to run your application and review how Cloud Foundry meets these needs. Remember Cloud Foundry runs application instances in containers. It has been doing this since long before Kubernetes or Docker existed. Above and beyond what those solutions offer, Cloud Foundry also does all of the heavy lifting of creating container images and scheduling containers on appropriate hosts for you.</description>
    </item>
    
    <item>
      <title>Lifecycle Phases</title>
      <link>/cf4devs/application-lifecycle/lifecycle-phases/</link>
      <pubDate>Mon, 01 Jan 0001 00:00:00 +0000</pubDate>
      
      <guid>/cf4devs/application-lifecycle/lifecycle-phases/</guid>
      <description>Let&amp;rsquo;s take a deeper look at application lifecycle events in Cloud Foundry.
Pushing cf push consists of three stages: upload, staging and starting. For each of these stages cf push is the initiator.
For the CFCD exam, you don&amp;rsquo;t need to know in detail what happens under the hood, but it&amp;rsquo;s useful to have a high-level understanding. If a lot of this section goes over your head, that&amp;rsquo;s OK. You don&amp;rsquo;t need to memorize these steps, and we&amp;rsquo;ll be revisiting the cf push procedure in the advanced section of this course when we look at sub-step commands.</description>
    </item>
    
    <item>
      <title>Update Strategies</title>
      <link>/cf4devs/application-lifecycle/update-strategies/</link>
      <pubDate>Mon, 01 Jan 0001 00:00:00 +0000</pubDate>
      
      <guid>/cf4devs/application-lifecycle/update-strategies/</guid>
      <description>As you add new features, fix bugs, and generally improve your applications, you&amp;rsquo;ll need to deploy these changes. Cloud Foundry makes it easy to do so with or without downtime. The choice is yours.
Updating Deployment Configuration When re-pushing, you use the same push command as when you first deployed your app. You can provide all of the same deployment configuration (service bindings, environment variables, instance counts, etc) or you can provide what has changed.</description>
    </item>
    
    <item>
      <title>Troubleshooting</title>
      <link>/cf4devs/application-lifecycle/troubleshooting/</link>
      <pubDate>Mon, 01 Jan 0001 00:00:00 +0000</pubDate>
      
      <guid>/cf4devs/application-lifecycle/troubleshooting/</guid>
      <description>Sometimes you&amp;rsquo;ll need to troubleshoot app deployments on Cloud Foundry. As an app developer, it&amp;rsquo;s important to understand how to work through problems. This section discusses some common failures and general troubleshooting commands that can be useful when diagnosing problems.
Routing Conflict Cloud Foundry allows multiple apps, or multiple versions of the same app, to be mapped to the same route. It&amp;rsquo;s this feature that enables Blue-Green deployments and A/B testing.</description>
    </item>
    
    <item>
      <title>Considerations</title>
      <link>/cf4devs/application-lifecycle/considerations/</link>
      <pubDate>Mon, 01 Jan 0001 00:00:00 +0000</pubDate>
      
      <guid>/cf4devs/application-lifecycle/considerations/</guid>
      <description>Following a few simple guidelines for app design often allows apps to run unmodified on Cloud Foundry. Many of these guidelines are derived from the 12factor.net app best practices. These practices can result in significant efficiencies for development teams.
Stateless Apps As described in the Processes section of The Twelve-Factor App, apps running on Cloud Foundry should strive to be &amp;lsquo;stateless&amp;rsquo;. A stateless app doesn&amp;rsquo;t write files to the local file system.</description>
    </item>
    
  </channel>
</rss>
