<?xml version="1.0" encoding="utf-8" standalone="yes"?>
<rss version="2.0" xmlns:atom="http://www.w3.org/2005/Atom">
  <channel>
    <title>Introduction on Cloud Foundry for Developers</title>
    <link>/cf4devs/introduction/</link>
    <description>Recent content in Introduction on Cloud Foundry for Developers</description>
    <generator>Hugo -- gohugo.io</generator>
    <language>en-us</language>
    <copyright>Copyright (c) 2017 - 2023 [Cloud Foundry Foundation](https://cloudfoundry.org)</copyright><atom:link href="/cf4devs/introduction/index.xml" rel="self" type="application/rss+xml" />
    <item>
      <title>Course Overview</title>
      <link>/cf4devs/introduction/course-overview/</link>
      <pubDate>Mon, 01 Jan 0001 00:00:00 +0000</pubDate>
      
      <guid>/cf4devs/introduction/course-overview/</guid>
      <description>Welcome to Cloud Foundry for Developers! This course is aimed at developers and DevSecOps engineers using the Cloud Foundry platform. The course does not cover all aspects and features of Cloud Foundry. It is scoped to &amp;ldquo;typical&amp;rdquo; developer use cases. The course does not address the installation and operation of Cloud Foundry.
Topics Getting Started: In this module, we get started using Cloud Foundry. We introduce the CLI or command-line interface used to interact with Cloud Foundry instances.</description>
    </item>
    
    <item>
      <title>Getting CF</title>
      <link>/cf4devs/introduction/getting-cf/</link>
      <pubDate>Mon, 01 Jan 0001 00:00:00 +0000</pubDate>
      
      <guid>/cf4devs/introduction/getting-cf/</guid>
      <description>Getting access to Cloud Foundry You will need access to a Cloud Foundry instance to complete the course. If your company has an instance, you are welcome to use that. Otherwise, we recommend you pick one of the options below that offer free trial.
The &amp;ldquo;open core&amp;rdquo; model Cloud Foundry follows an &amp;ldquo;open core&amp;rdquo; model. This means the core functionality in the platform is standardized across all commercial distributions. However, commercial providers can and do provide different services (like databases, message queues, etc).</description>
    </item>
    
  </channel>
</rss>
